<?xml version="1.0" encoding="UTF-8" standalone="yes" ?>
<addon id="plugin.video.salemmax.getlink" name="[COLOR cyan][B]GetLink[/COLOR] [COLOR green]Fshare[/COLOR] [COLOR blue]HDVideo[/B][/COLOR]" version="1.0.0" provider-name="Salemmax">
    <requires>
        <import addon="xbmc.python" version="2.1.0"/>
		<import addon="script.video.F4mProxy" optional="true"/>
		<import addon="script.module.youtube.dl" optional="true"/>
    </requires>
    <extension point="xbmc.python.module" library="xshare.py" />
    <extension point="xbmc.addon.metadata">
        <summary>Getlink - Fshare</summary>
		<description lang="en"></description>
		<platform>all</platform>
		<language>en</language>
		<license></license>
		<source></source>
		<email></email>
    </extension>
</addon>