﻿<?xml version="1.0" encoding="UTF-8" standalone="yes"?>
<addon id="plugin.video.salemmax.viettv" name="[COLOR blue][B]Việt TV Tổng Hộp[/B][/COLOR]" version="1.1.5" provider-name="Salemmax">
	<requires> 
	</requires>
	<extension point="xbmc.python.module" library="default.py" />
	<extension point="xbmc.service" library="autostart.py" start="startup">
	</extension>
	<extension point="xbmc.addon.metadata">
		<summary>TV online.</summary>
		<description>Salemmax TV Tổng Hộp</description>
		<disclaimer>[COLOR deeppink][B]
	- Addon được Dựa Trên Shani Và Salemmax xây dựng dựa vào nguồn dữ liệu trên internet. Bản quyền tác giả thuộc về Salemmax. 
	- Với mục đích phục vụ nhu cầu giải trí cho cộng đồng Kodi. Chúng tôi đã tốn nhiều thời gian và công sức để tạo ra sản phẩm, vì vậy mong các tổ chức và cá nhân tuân thủ các quy định sau:
	- Không tự ý sử dụng mã nguồn của addon khi chưa có sự đồng ý của nhóm lập trình viên Salemmax.
	- Không tự ý chỉnh sửa lại addon và chia sẻ, quảng cáo phục vụ cho nhu cầu lợi ích của một cá nhân hay tập thể nào đó.[/B][/COLOR]</disclaimer>
		<platform>all</platform>
	</extension>
</addon>
