<?xml version="1.0" encoding="UTF-8" standalone="yes"?>
<addon
  id="service.salemmax.maintenance"
  version="1.1.2"
  name="***[COLOR cyan]Bảo trì Media Gshare[/COLOR]***"
  provider-name="salemmax">
  <requires>
    <import addon="xbmc.python" version="2.1.0"/>
    <import addon="script.module.requests" version="1" />
  </requires>
  <extension point="xbmc.service" library="startup.py" start="startup"/>
  <extension point="xbmc.addon.metadata">
    <summary>Salemmax Maintenance</summary>
    <description>Maintenance Kodi system for better usage</description>
    <platform>all</platform>
  </extension>
</addon>